Workbook

Sheet Sheet1
A1: GeneID | B1: Length
A2: b1729 | B2: =VLOOKUP(Sheet2!A2,Sheet1!A:B,2,) -> 1391
A3: b4209 | B3: =VLOOKUP(Sheet2!A3,Sheet1!A:B,2,) -> 662
A4: b0699 | B4: =VLOOKUP(Sheet2!A4,Sheet1!A:B,2,) -> 206
A5: b3943 | B5: =VLOOKUP(Sheet2!A5,Sheet1!A:B,2,) -> 905
A6: b0197 | B6: =VLOOKUP(Sheet2!A6,Sheet1!A:B,2,) -> 815
A7: b4116 | B7: =VLOOKUP(Sheet2!A7,Sheet1!A:B,2,) -> 761
A8: b0902 | B8: =VLOOKUP(Sheet2!A8,Sheet1!A:B,2,) -> 740
A9: b1600 | B9: =VLOOKUP(Sheet2!A9,Sheet1!A:B,2,) -> 365
A10: b3313 | B10: =VLOOKUP(Sheet2!A10,Sheet1!A:B,2,) -> 410
A11: b2013 | B11: =VLOOKUP(Sheet2!A11,Sheet1!A:B,2,) -> 1058
A12: b1429 | B12: =VLOOKUP(Sheet2!A12,Sheet1!A:B,2,) -> 992
A13: b2710 | B13: =VLOOKUP(Sheet2!A13,Sheet1!A:B,2,) -> 1439
... A4199: b4757 | B4199: =VLOOKUP(Sheet2!A4199,Sheet1!A:B,2,) -> 80

Sheet Sheet2
A1: GeneID
A2: b1729 | B2: =VLOOKUP(Sheet2!A2,Sheet1!A:B,2,) -> 1391
A3: b4209 | B3: =VLOOKUP(Sheet2!A3,Sheet1!A:B,2,) -> 662
A4: b0699 | B4: =VLOOKUP(Sheet2!A4,Sheet1!A:B,2,) -> 206
A5: b3943 | B5: =VLOOKUP(Sheet2!A5,Sheet1!A:B,2,) -> 905
A6: b0197 | B6: =VLOOKUP(Sheet2!A6,Sheet1!A:B,2,) -> 815
A7: b4116 | B7: =VLOOKUP(Sheet2!A7,Sheet1!A:B,2,) -> 761
A8: b0902 | B8: =VLOOKUP(Sheet2!A8,Sheet1!A:B,2,) -> 740
A9: b1600 | B9: =VLOOKUP(Sheet2!A9,Sheet1!A:B,2,) -> 365
A10: b3313 | B10: =VLOOKUP(Sheet2!A10,Sheet1!A:B,2,) -> 410
A11: b2013 | B11: =VLOOKUP(Sheet2!A11,Sheet1!A:B,2,) -> 1058
A12: b1429 | B12: =VLOOKUP(Sheet2!A12,Sheet1!A:B,2,) -> 992
A13: b2710 | B13: =VLOOKUP(Sheet2!A13,Sheet1!A:B,2,) -> 1439
... A4199: b4757 | B4199: =VLOOKUP(Sheet2!A4199,Sheet1!A:B,2,) -> 80
